cell,A,G,decisive
locked_offline_quality_gates,pass,pass,no
actual_iroh_reconciliation,partial,pass,yes
separate_process_restart,pass,pass,yes
A_absent_temporal_B_to_C,pass,pass,yes
pre_effect_or_precommit_crash_checkpoint,pass,pass,yes
post_commit_preack_checkpoint,pass_checkpoint_only,pass_recovered,yes
complete_recovery_without_duplicate_fixture_effect,not_completed,pass_in_frozen_fixture,yes
final_duplicate_noop,not_reached,pass,yes
evaluated_composition_endpoint_control,high_level_node_no_direct_address_injection,task_authored_explicit_iroh_endpoint,tie_breaker
evaluated_recovery_node_durable_commit_domains,2_p2panda_sqlite_plus_task_effect_files,1_task_authored_redb_transaction,tie_breaker
frozen_graph_packages,533,374,tie_breaker
release_binary_bytes,28863504,10196752,context_only
native_four_class_semantics,no,no,shared_residual
integrated_security_policy,external,external,shared_residual
