requirement_id,requirement,result,evidence,residual
DM-5.1-10,Blob class,partial,"1 through 256 MiB component corpus","Whole four-class protocol and API remain outside this arm"
DM-5.1-11,Blob immutability,met-in-profile,"Whole-content identity is the store key and incompatible manifests reject","Reference lifecycle and authorization remain"
DM-5.1-12,Blob chunking,met-in-profile,"64 KiB and 256 KiB logical chunks; frames down to 48-byte modeled MTU","Normative chunk/profile selection remains"
DM-5.1-13,Blob resumption,met-in-profile,"Committed markers survive exit 77; unmarked file-synced chunk is retried","Power loss and physical carriers remain"
DM-5.1-14,Blob content addressing,met-in-evaluation-profile,"BLAKE3 whole-content identity verified after streamed reconstruction","Normative identity must use a NIST-standardized FIPS-approved hash via the selected provider unless DM-6-24 is explicitly scoped otherwise"
DM-5.1-15,Blob deduplication,met-in-profile,"Complete duplicate from peer-b sends zero frames and stores zero chunks","Reference counting and garbage collection remain"
DM-5.1-16,Blob references,not-tested,"No reference object was modeled","Optional mapping remains"
DM-5.1-23,Item-size range,decision-data,"1 16 64 128 and 256 MiB passed","Small-item end and larger endpoints belong whole-stack curves"
DM-5.1-25,Blob-size floor,decision-data,"256 MiB endpoint passed","Bracket remains provisional stakeholder data"
DM-5.2-04,Offline durable-data preservation,partial,"Chunk markers reopened after process exit","Power loss corruption TTL and eviction exceptions remain"
DM-5.2-07,Delivery deduplication,partial,"Blob duplicate produces zero transfer","Application-level item delivery remains outside this arm"
DM-5.2-18,Difference-proportional sync,partial,"Resume sends only missing chunk indices","General replica anti-entropy remains outside this arm"
DM-5.2-19,Resumable partial sync,met-in-profile,"Interrupted chunk is retried and prior markers skipped","Chunk-granular evaluation profile only"
DM-5.2-20,Durable sync progress,met-in-profile,"Separate-process status observes exactly the committed quarter","Power-cut boundary remains"
DM-5.2-21,Later-contact continuation,met-in-profile,"Second process completes from the missing set","Immediate modeled later contact only"
DM-5.2-22,Any-peer continuation,met-in-profile,"Independent peer-b file completes peer-a progress","Real peer eligibility authentication and network transfer remain"
DM-5.4-11,Priority eviction,partial,"2 MiB logical quota evicts complete priority-0 Blob before priority-2 admission","Evaluator policy only; file lifecycle is not integrated"
DM-5.5-07,Relay storage quota,partial,"Configurable live-content quota blocks equal-priority overflow","Relay role metadata and physical-byte bounds remain"
DM-5.8-03,Fragmentation and reassembly,partial,"Deterministic reassembly from 48 through 1500-byte modeled frames","No real carrier or hostile frame parser"
DM-5.8-04,MTU operating range,decision-data,"48 64 128 512 1200 and 1500-byte curve passed","Physical transport validation remains"
DM-5.8-05,Small-MTU practicality,decision-data,"At 30 percent loss 48-byte MTU used 2.858 wire bytes per payload byte","Practicality criterion and control traffic remain"
DM-5.8-15,Offline-serializable exchange,partial,"Manifest and addressed chunks are file serializable","Entire synchronization transcript remains unspecified"
DM-6-24,NIST cryptography,not-met-by-control,"BLAKE3 is only the exact research identity oracle","Select a NIST-standardized whole and chunk hash through the security provider"
DM-6-28,FIPS-approved algorithms,not-met-by-control,"The BLAKE3 control receives no FIPS-approved-algorithm credit","Normative digest suite must use a FIPS-approved hash"
DM-6-29,Algorithm agility,not-tested,"Evaluation manifest has one fixed digest construction","Normative versioned suite and downgrade protection remain"
DM-9-13,Blob streaming from storage,met-in-split-profile,"Chunk-at-a-time file source and reconstruction passed through 256 MiB","Production async API and backpressure remain"
DM-9-14,Blob RAM independence,met-in-split-curve,"Split transfer RSS 3.41 through 5.29 MB over a 256x size range","redb-as-byte-store fails; whole-stack RAM remains unmeasured"
DM-9-20A,High-loss usefulness,partial,"All 8 MiB modeled cells completed through 70 percent frame loss","Perfect local retry oracle omits ACK control congestion and contact deadline"
DM-9-20,Loss operating point,decision-data,"50 percent included in every restart and loss curve","Bracket remains provisional"
DM-9-24,Bounded local storage,partial,"Logical content quota and physical high-water measured","Metadata orphan temporary file and filesystem reserve require one hard bound"
DM-9-25,Configurable local storage,partial,"Per-store quota input changed admission","Policy is evaluator code not upstream ownership"
DM-14-05,Loss-rate validation,decision-data,"0 10 30 50 and 70 percent curve","Stakeholder validation remains open"
DM-14-06,Blob-size validation,decision-data,"1 through 256 MiB curve","Stakeholder validation remains open"
DM-14-13,Tier-2 RAM validation,decision-data,"Split peak transfer RSS at 256 MiB was 5292032 bytes","Whole-stack target validation remains open"
DM-14-14,Tier-2 preferred RAM validation,decision-data,"Split peak transfer RSS stayed below 6 MiB","Whole-stack target validation remains open"
