requirement_id,arm_evidence,arm_status,no_credit_boundary,next_gate
DM-1-06,"Carrier-neutral framing and explicit adapter capability boundary cover changing untrusted transports.",architecture_supported,"No independent protocol interoperability or deployed carrier.",Specify the protocol-facing boundary and run two independent adapters.
DM-2-05,"BlueR/TrouBLE/platform evidence identifies candidate BTLE mechanisms; no admitted cross-platform adapter exists.",candidate_gap,"No MVP BTLE deliverable or hardware evidence.",Implement the smallest platform adapters and pass the hardware matrix.
DM-3-02,"A partial object survives one evaluator process exit and continues in a second process.",partial_simulation,"No extended offline interval, elapsed-time behavior, production state, or full synchronization.","Resume the complete production exchange after stakeholder-selected offline intervals."
DM-3-03,"The arm deliberately does not use 30 days as an elimination gate.",provisional_target_acknowledged,"No interval measurement or 30-day pass.","Evaluate multiple offline durations and retain the observed limit as decision data."
DM-3-04,"MTU/overhead and 3 kbps diagnostic timing are recorded across a carrier-neutral curve.",decision_data,"3 kbps is diagnostic and provisional, not a requirement or usefulness proof.",Define useful-work and latency acceptance criteria at stakeholder-selected rates.
DM-3-05,"Envelope-byte totals include a diagnostic decimal 3000 bit/s conversion.",provisional_decision_data,"The selected number is not a requirement and does not establish usefulness.","Repeat at stakeholder-selected rates with full control overhead and useful-work criteria."
DM-3-06,"Deterministic impairment traces exercise reassembly under loss.",partial_simulation,"Perfect missing-set knowledge and zero repair-control bytes; no statistical, burst-loss, RF, or usefulness proof.","Run explicit repair over seeded distributions, burst loss, and hardware."
DM-3-07,"Resume state is keyed to an object transfer token rather than a connection or carrier in the evaluator.",architecture_supported,"No cross-transport protocol run.",Resume the same protocol exchange across two real carrier adapters.
DM-3-08,"Boundary exposes multiple simultaneous carrier capabilities without assigning durable state to an adapter.",architecture_supported,"No concurrent scheduler or multi-carrier execution.",Exercise concurrent carriers with policy-driven scheduling and deduplication.
DM-3-09,"Generic one-to-many impairment accounting compares shared sends with per-peer unicast.",simulated_decision_data,"Perfect missing-set oracle; no feedback/control bytes, RF, BLE advertising, or hardware behavior.",Build shared-medium repair/suppression and measure actual broadcast-capable media.
DM-5.2-03,"A second evaluator process resumes one partial object immediately.",partial_simulation,"No supported offline interval or complete synchronization protocol.","Resume the final protocol after multiple measured offline intervals."
DM-5.2-04,"The resumed evaluator object verifies exact content.",partial_simulation,"One object is not durable replica preservation and no TTL/eviction policy is exercised.","Exercise durable data, tombstones, TTL, eviction, and restart during full resynchronization."
DM-5.2-05,"Thirty days is retained as provisional and is not scored as a hard gate.",provisional_target_acknowledged,"No duration evidence.","Record convergence outcomes at several offline intervals, including but not limited to the provisional anchor."
DM-5.2-19,"Bounded fragmentation state continues after partial delivery.",simulated_mechanism,"Fragment resume is not complete synchronization resume.",Exercise the final sync protocol with interrupted control and data phases.
DM-5.2-20,"Evaluator persists partial fragment state to disk before process exit.",simulated_mechanism,"Evaluator JSON is not admitted production persistence.",Crash/restart the production persistence implementation with fault injection.
DM-5.2-21,"A second process continues from persisted fragment state.",simulated_mechanism,"No elapsed offline interval or final protocol.",Resume after configurable delay using production state.
DM-5.2-22,"Persisted fragment state is not sender-bound and a differently labelled second contact completes it.",partial_simulation,"No on-wire negotiation or proof that any eligible real peer can continue.",Use two independently provisioned peers and protocol-level missing-set exchange.
DM-5.6-01,"Symmetric BLE candidates and platform APIs show central/client plus peripheral/server mechanics are available.",candidate_evidence,"No two conformant nodes or complete sync.",Hardware-test two independent peer instances with the final protocol.
DM-5.6-02,"BlueR, TrouBLE, native platform APIs, and generic file transcript do not intrinsically require a server.",candidate_evidence,"No end-to-end infrastructure-free sync run.",Pass direct local BTLE and file-media sync without infrastructure.
DM-5.6-03,"BPv7 and Willow identify store-forward building blocks; carrier boundary preserves objects across contacts.",composition_gap,"No complete temporal multi-hop dissemination.",Run producer-relay-consumer with durable relay and no simultaneous path.
DM-5.6-04,"One-to-many data-transmission ratios are recorded for 1/2/4/8/16 receivers under deterministic loss traces; Trickle is a registered standards buy.",simulated_decision_data,"No repair-control accounting, suppression implementation, RF, or hardware evidence.",Implement Trickle-like suppression plus repair and run hardware/shared-medium tests.
DM-5.6-05,"Exact duplicate frames are idempotent in the bounded reassembler.",partial_simulation,"Frame duplicate handling is not application or mesh propagation suppression.",Exercise object identity deduplication across relay and broadcast paths.
DM-5.6-06,"No loop protocol is implemented by the carrier evaluator.",gap,"Fragment identifiers do not bound routing loops.",Exercise cyclic multi-hop topology with bounded retransmission.
DM-5.7-01,"Candidates expose BLE advertising/scanning mechanics.",candidate_evidence,"No authenticated automatic discovery implementation or background behavior.",Measure discovery on every target OS/controller and bind advertisements to authenticated identities.
DM-5.7-02,"Proposed boundary admits manual endpoints separately from automatic discovery.",architecture_supported,"No implemented manual peering flow.","Pass pre-provisioned direct peering on BLE, IP, serial, and file modes."
DM-5.7-03,"Proposed boundary includes discovery suppression/emission capability.",architecture_supported,"No proof that silent nodes emit nothing at OS/radio level.",Capture each platform in silent mode including background transitions.
DM-5.7-04,"Carrier boundary deliberately does not claim transport authentication.",security_gap,"No mutual authentication.",Compose and test the selected identity/session layer before any data exchange.
DM-5.8-01,"A minimal opaque-frame adapter and capability surface is specified in the carrier report.",architecture_supported,"No independent adapter conformance.",Implement BLE and file adapters against the same conformance suite.
DM-5.8-02,"Fragment/file evaluator is carrier-neutral and does not branch on BLE/IP/serial/file.",simulated_architecture_evidence,"An evaluator is not the protocol specification.",Add a new adapter without changing protocol fixtures or state machines.
DM-5.8-03,"Both provisional layouts fragment, reorder, duplicate, reject malformed overlap/truncation, reassemble, and digest-verify.",simulated_mechanism,"Not a normative frame or independent implementation.",Select a collision/version/profile policy and run cross-implementation conformance.
DM-5.8-04,"Formula curve covers MTU 20/23/27/40/64/128/247/512/1280/1500/2048 bytes.",simulated_decision_data,"Configured payload MTU is not an observed BLE ATT/L2CAP or hardware MTU.",Measure negotiated usable payloads on target OS/controller pairs.
DM-5.8-05,"For the 471-byte fixture compact32 is 45.1% header at MTU 20, 39.4% at 23, 34.0% at 27, and 23.4% at 40; wide64 is higher.",decision_data,"Practicality criterion is unresolved; no energy/latency/control overhead.",Stakeholders choose practicality limits using full control/repair and hardware measurements.
DM-5.8-11,"BlueR is the smallest observed Linux symmetric mechanism set; Android/Apple/Windows need platform adapters; no admissible complete cross-platform FOSS component was found.",candidate_gap,"No shipped BTLE adapter.",Build thin adapters and pass central/peripheral GATT and L2CAP/fallback hardware tests.
DM-5.8-12,"The carrier-neutral MTU and one-to-many evaluator does not branch on a specific radio.",simulated_forward_compatibility,"No LoRa adapter, duty-cycle, regulatory, link-budget, radio, energy, or hardware evidence.","Implement only after selecting a real LoRa bearer and measure the common boundary against its exact payload and duty constraints."
DM-5.8-13,"Byte-stream record parser reproduces the same transcript under 1/3/7/64-byte read chunks.",simulated_forward_compatibility,"No serial device, flow control, unplug/replug, or framing recovery.","Run a serial adapter with partial reads/writes, reconnect, and corruption."
DM-5.8-14,"Willow Drop passes bounded file export/import behavior; evaluator separately serializes a bidirectional transcript.",candidate_and_simulation,"Neither is a complete final file transport.",Serialize the entire selected sync protocol and complete through physical-media handoff.
DM-5.8-15,"Three arbitrary bidirectional messages become 15 direction-tagged records and verify in a separate process with exact content.",simulated_design_evidence,"Not the final sync exchange, removable-media workflow, or adversarial container.","Run every final sync phase offline, including restart, duplicates, tamper, and partial import."
DM-5.8-16,"Proposed adapter capabilities expose usable payload and bandwidth estimates.",architecture_supported,"No observed bandwidth estimator or scheduling integration.",Measure links and demonstrate scheduler decisions from reported characteristics.
DM-5.8-17,"Proposed adapter capabilities expose cost.",architecture_supported,"No cost metric or policy integration.",Define normalized cost semantics and exercise policy.
DM-5.8-18,"Proposed adapter capabilities expose emission footprint and discovery suppression.",architecture_supported,"No RF/emission measurement.",Define and capture emission behavior on hardware.
DM-6-01,"Carrier evaluator shows that clear input bytes remain visible and therefore requires protection before fragmentation.",negative_evidence,"No confidentiality implementation.",Capture protected final exchanges on every carrier.
DM-6-02,"A supplied SHA-256 comparison detects one corrupted reassembly in the evaluator.",negative_evidence,"The digest and persisted expected hash/length are not authenticated or tamper-evident; no transport-independent integrity implementation.","Authenticate object identity, digest, envelope context, and persisted state in the selected security composition."
DM-6-03,"No authenticity is delegated to the carrier boundary.",architecture_supported_gap,"No authenticity implementation.",Bind every received object/frame to the selected authenticated protocol context.
DM-6-04,"The carrier fixture comes from a separately evaluated protected-object arm.",composition_input_only,"This arm does not create or validate source encryption.",Compose selected security profile before carrier framing and pass tamper/replay tests.
DM-6-09,"A clear topic/scope/priority/route probe is visible after carrier framing; no such fields are added by the carrier header.",negative_evidence,"Carrier neutrality does not itself protect forwarding metadata.",Encrypt/authenticate forwarding metadata before carrier framing and packet-capture it.
DM-6-11,"Carrier reassembly preserves and reveals its exact input to the next layer.",negative_evidence,"No outsider-opacity proof.",Run outsider captures and membership-layer decryption authorization tests.
DM-6-12,"The provisional envelope enumerates its added plaintext fields and measures their byte cost.",decision_data_gap,"The token is linkable, the profile is non-normative, security overhead is absent, and no accepted wire-plaintext minimality criterion is proved.","Select the protected profile and justify every externally visible bit with packet-capture evidence."
DM-7-13,"Proposed public/application boundary remains above carrier framing and reassembly.",architecture_supported,"No public API implementation review.",Verify public SDKs expose no fragment or transport internals.
DM-8-03,"Native Apple/Android/Windows glue remains a possible exception where no admissible complete Rust wrapper was found.",candidate_exception,"No final non-Rust component selection or authorization.","Prefer Rust where practical and freeze each unavoidable native platform slice."
DM-8-04,"The report records why thin native platform glue may be smaller than combining incomplete wrappers.",partial_rationale,"A final component-by-component non-Rust rationale does not yet exist.","Record the exact language exception, scope, and alternatives when each adapter is selected."
DM-8-05,"BUSL-1.1 SimpleBLE fails the OSI-approved-license gate; other direct declarations are frozen exactly.",license_gate_applied,"AGPL is OSI-approved but fails the separate no-strong-copyleft gate; no transitive graph has completed OSI-license admission, BlueR has a file-level disposition hold, and treatment of OS-supplied SDK/framework APIs is unresolved.","Define the platform-API policy and review the exact full-graph license inventory before adopting any candidate."
DM-8-06,"iroh-ble-transport and the reviewed blew documentation are hard-excluded as AGPL-3.0-or-later; SimpleBLE's GPL-3 change license is also disqualifying.",license_gate_applied,"No code or semantic reuse from excluded components.","Keep excluded sources research-only and recheck every admitted transitive license."
DM-8-07,"SimpleBLE is hard-excluded because BUSL restricts production/commercial use and requires a commercial license.",license_gate_applied,"No proprietary/commercial-license dependency is admitted; whether OS-supplied SDK/framework APIs require an explicit exception remains unresolved.","Define the platform-API policy, then select only compliant alternatives or retain the responsibility as bounded custom glue."
DM-8-08,"Recent exact revisions and maintenance signals are frozen for direct candidates.",admission_gap,"Active maintenance of every transitive dependency is not established; audit warnings remain.","Freeze the selected graph and evaluate release cadence, archival state, and transitive maintenance."
DM-8-09,"Upstream repositories and available security/governance files are identified.",admission_gap,"Identifiable governance is not established for every direct and transitive candidate.","Record maintainers, governance, release authority, and continuity for the admitted graph."
DM-8-10,"SimpleBLE has a direct private reporting policy and BlueR redirects security reports to BlueZ; no policy was observed for TrouBLE or ble-peripheral-rust.",admission_gap,"No selected complete graph meets the vulnerability-channel gate yet.","Require and record a usable reporting path for every admitted direct/transitive dependency."
DM-8-11,"Frozen RustSec scans expose current advisories and warnings for two graphs.",admission_gap,"Historical security response and timely patching were not evaluated.","Review advisory-to-fix timelines and pin remediated versions before admission."
DM-8-12,"Exact lock package counts exist for btleplug, iroh-ble-transport, ble-peripheral-rust, and the Rust wrapper portion of SimpleBLE.",partial_inventory,"No complete production SBOM; BlueR and TrouBLE repository graphs are unfrozen.","Generate a target/feature-specific SBOM for each selected composition."
DM-8-13,"Top-level declared licenses and exact license-file hashes are in source-freeze.tsv.",partial_inventory,"No complete transitive license inventory or file-level BlueR legal disposition.","Generate and review the full target/feature license inventory before admission."
DM-8-14,"Permissively declared direct candidates are BlueR for Linux mechanisms, TrouBLE for future Tier-1 host behavior, btleplug for central mode, and Willow Drop for bounded file transfer; Trickle supplies standards semantics.",buy_recommendation,"Every component remains subject to exact full-graph license, security, and platform admission.",Admit only exact graphs that pass license/security/platform qualification.
DM-8-15,"Trickle and BPv7 were assessed before bespoke broadcast or delay-tolerant mechanisms.",standards_evaluation,"Neither standard alone closes the carrier requirements.",Record composition choice and responsibility ownership in an ADR.
DM-8-16,"Source freeze and carrier report record why residual framing, resume, file transcript, and adapter glue remain build responsibilities.",evaluation_complete,"No authorization to implement production code in this arm.",Review and approve the build-versus-buy boundary.
DM-9-01,"TrouBLE supplies a directly permissively declared no_std BLE-host candidate for a future MCU-class profile.",candidate_evidence,"Full graph remains unadmitted; Future preference only, with no target build, qualification, size, RAM, flash, controller, or hardware result.","Pilot one exact controller/target graph and measure it without changing the carrier boundary."
DM-9-05,"TrouBLE provides a no_std/fixed-resource direction and the carrier boundary avoids OS-specific semantics.",candidate_architecture_evidence,"No Tier-1 build, size, RAM, flash, or hardware result.",Compile and measure a selected controller/target profile.
DM-9-13,"100 MiB is formula-accounted without allocating it.",formula_only,"No Blob streaming implementation.",Stream a hundreds-of-megabytes Blob from storage over at least two adapters.
DM-9-14,"Evaluator explicitly limits in-memory execution to 2 MiB and gives no large-Blob RAM credit.",gap_identified,"Formula rows do not prove RAM independence.",Profile bounded-window production streaming under loss and restart.
DM-9-18,"Near-zero idle behavior is outside deterministic framing simulation.",gap,"No idle power/CPU/radio measurement.",Measure quiescent and discovery duty-cycle cost on every platform.
DM-9-19A,"The evaluator makes tiny-MTU and low-rate overhead visible.",partial_decision_data,"It does not define or prove useful application behavior on a very-low-rate link.","Define useful work and measure complete protocol progress at selected low rates."
DM-9-19,"Every byte total includes diagnostic seconds at decimal 3000 bit/s.",provisional_decision_data,"The rate is not a hard gate and the trace does not define usefulness.",Repeat at stakeholder-selected rates with useful-work criteria.
DM-9-20A,"Every frozen independent-loss trace eventually reconstructs the small fixture.",partial_simulation,"Oracle-aided deterministic envelope delivery is not useful-operation, burst-loss, statistical, RF, or hardware evidence.","Measure complete protocol progress with explicit repair under selected loss models and hardware."
DM-9-20,"Hostile curves include deterministic 0/10/30/50 percent loss traces.",provisional_decision_data,"Not statistical, burst-loss, RF, or hardware evidence; 50 percent is not a hard gate.","Run seeded distributions, burst models, and hardware at selected loss points."
DM-12-01,"Carrier-independent durable state is the required seam for BTLE-to-IP continuation.",architecture_supported_gap,"No BTLE-to-IP release scenario.",Pass the final cross-transport acceptance scenario.
DM-12-05,"Carrier boundary forwards opaque bytes and Willow/BPv7 supply bounded store-forward evidence.",composition_gap,"No payload-blind temporal-relay scenario.",Run a relay that lacks payload keys and survives restart.
DM-12-06,"Adapter capabilities can inform priority/expiry scheduling but no scheduler is included.",gap,"No priority or expiry behavior.",Pass constrained-link priority/expiry acceptance with measured carrier cost.
DM-12-10,"Metadata probe demonstrates the failure mode when clear metadata enters the carrier.",negative_evidence,"No protected packet-capture pass.",Capture final BLE/IP/file/serial encodings and verify payload plus mesh-metadata opacity.
DM-13-05,"Candidate survey narrows the adapter responsibility but does not ship one.",deliverable_gap,"No BTLE adapter deliverable.","Implement, qualify, and document the selected per-platform adapters."
