requirement,arm_result,evidence,boundary
DM-5.4-15,partial,"Constrained and receive-only evaluator modes originate no discovery advertisement query or dial action.","No data-priority threshold or physical emission was exercised."
DM-5.4-17,partial,"Receive-only evaluator mode suppresses discovery-originated actions.","An externally supplied authenticated inbound observation is not packet-level radio silence or an executed inbound sync."
DM-5.4-18,partial,"Receive-only evaluator mode leaves inbound carrier admission and ingestion enabled.","No candidate carrier delivered inbound application data in receive-only mode."
DM-5.4-21,partial,"Three explicit modes have a fixed discovery-action matrix.","The matrix is evaluator policy and needs stakeholder and carrier acceptance."
DM-5.6-02,met_for_connectivity_slice,"All three BVB-767 manual local carrier arms operated without a server or relay; the evaluator manual path has no bootstrap dependency.","Opaque carrier exchange is not complete conformant synchronization."
DM-5.7-01,open,"Iroh produced a matching hint but not authenticated delivery; libp2p and Quinn controls produced no usable native result.","The policy harness consumes synthetic hints and grants no native or physical automatic-discovery credit."
DM-5.7-02,met_for_connectivity_slice,"All three BVB-767 arms completed provisioned manual local transfer; the evaluator preserves manual admission with zero infrastructure.","No full synchronization or independent implementation was exercised."
DM-5.7-03,partial,"The evaluator suppresses all discovery-originated actions in constrained and receive-only modes.","Prior candidate runs had no packet capture; only Iroh had a positive discovery control; packet/radio silence remains unknown."
DM-5.7-04,partial_provider_slice,"BVB-767 carrier identities rejected wrong providers; the evaluator withholds admission until exact two-way-auth observation matches the provisioned provider binding.","The evaluator performs no cryptography and provides no mission identity lifecycle revocation scope authorization or source-object credit."
DM-5.8-10,met_for_connectivity_slice,"Every manual local arm ran with no connection relay or public service.","NAT and relay fallback were not exercised."
DM-6-23,no_credit,"Duplicate and stale hints are bounded as dial hints and never authorize application delivery.","A replay after local expiry can become a hint again; no captured-traffic freshness or durable replay protection was implemented."
DM-9-09A,partial_structural_only,"Retained automatic candidates addresses and concurrent dial work have explicit caps.","No allocator RSS ingress-parser or hostile CPU measurement; configured roster memory is outside the measured cap."
DM-9-16,no_credit,"The synchronous evaluator contains no poll loop.","No candidate discovery runtime idle behavior was measured."
DM-9-21,no_credit_decision_curve,"Synthetic admitted-peer hints were varied at 1 16 128 1024 and 4096; retention capped at the provisional evaluator value 128.","This is not a scope mesh-scale result and 128 is not a requirement threshold."

