"requirement_id","capability","phase1_status","requirement_result","semantic_provenance","implementation_availability","evidence_confidence","selection_credit_owner","evidence_boundary"
"DM-5.1-01","State class","missing_unlinked","not_met","bespoke_semantics","no_usable_implementation","source","unowned","High-level Node exposes Basic topic streams and an application-defined prune snapshot only; no generic State class."
"DM-5.1-02","State causal convergence","missing_unlinked","not_met","bespoke_semantics","no_usable_implementation","source","unowned","Generic Causal extension is explicitly incomplete and unintegrated; no multi-author causal-latest materializer."
"DM-5.1-04","Event class","implemented_pass","met_bounded","candidate_native","embeddable_production_dependency","local_demonstration","p2panda","Signed append-only operations were published, persisted, replayed, synchronized, and temporally carried."
"DM-5.1-05","Event immutability","implemented_pass","met_bounded","candidate_native","embeddable_production_dependency","local_demonstration","p2panda","Operation identity and payload remained stable across restart and multiple peers in BVB-700/BVB-703/BVB-808."
"DM-5.1-06","Event publisher order","implemented_pass","partial","candidate_native","embeddable_production_dependency","local_demonstration","p2panda","Per-author sequence/backlink log and ordered replay were exercised only in small bounded runs."
"DM-5.1-07","Event gap detection","not_tested","unknown","adapter_configuration","embeddable_production_dependency","source","unowned","Sequence data can be inspected through the lower-level processed event; no high-level gap signal or gap scenario was executed."
"DM-5.1-08","Record class","missing_unlinked","not_met","bespoke_semantics","no_usable_implementation","local_demonstration","unowned","No Record identity/version/materialization class is present."
"DM-5.1-09","Disconnected Record concurrency","failed","not_met","bespoke_semantics","no_usable_implementation","local_demonstration","unowned","BVB-808 preserved two Event-like operations but supplied no Record conflict semantics."
"DM-5.1-10","Blob class","missing_unlinked","not_met","unknown","no_usable_implementation","source","unowned","Released p2panda-blobs root is a dependency-free unlinked stub and is absent from the high-level graph."
"DM-5.1-11","Blob immutability","missing_unlinked","not_met","unknown","no_usable_implementation","source","unowned","No executable Blob implementation."
"DM-5.1-12","Blob chunking","missing_unlinked","not_met","unknown","no_usable_implementation","source","unowned","No executable Blob implementation."
"DM-5.1-13","Blob resumption","missing_unlinked","not_met","unknown","no_usable_implementation","source","unowned","No executable Blob implementation or durable progress owner."
"DM-5.1-14","Blob content addressing","missing_unlinked","not_met","unknown","no_usable_implementation","source","unowned","No executable Blob implementation."
"DM-5.1-15","Blob deduplication","missing_unlinked","not_met","unknown","no_usable_implementation","source","unowned","No executable Blob implementation."
"DM-5.1-17","Item data-class field","missing_unlinked","not_met","bespoke_semantics","no_usable_implementation","source","unowned","Generic stream operations do not declare State/Event/Record/Blob class."
"DM-5.1-18","Item topic field","implemented_pass","partial","candidate_native","embeddable_production_dependency","local_demonstration","p2panda_plus_profile","Topic stream routing works, but imported operations do not self-describe their topic and must be routed into a topic by the caller."
"DM-5.1-19","Item scope field","missing_unlinked","not_met","bespoke_semantics","no_usable_implementation","source","unowned","No required administrative scope field in the high-level operation envelope."
"DM-5.1-20","Item priority field","missing_unlinked","not_met","bespoke_semantics","no_usable_implementation","source","unowned","No required item priority field in the high-level operation envelope."
"DM-5.1-21","Item TTL field","missing_unlinked","not_met","bespoke_semantics","no_usable_implementation","source","unowned","No required perishability or TTL field/lifecycle in the high-level operation envelope."
"DM-5.1-22","Authenticated publisher identity","implemented_pass","partial","candidate_native","embeddable_production_dependency","local_demonstration","p2panda_plus_security_profile","Processed operations expose a verified author key; mission-identity binding and final source-object profile remain unowned."
"DM-5.2-01","Eventual consistency","implemented_pass","partial","candidate_native","embeddable_production_dependency","local_demonstration","p2panda","Bounded direct, temporal, cyclic, and two-author Event-like convergence only."
"DM-5.2-02","Reachable-subscriber convergence","implemented_pass","partial","candidate_native","embeddable_production_dependency","local_demonstration","p2panda","Small local-IP topologies and immutable operations only; scopes and fault curves not exercised."
"DM-5.2-03","Offline resynchronization","implemented_pass","partial","candidate_native","embeddable_production_dependency","local_demonstration","p2panda","Separate-process restart and later sync passed; duration/retention curves not run."
"DM-5.2-04","Offline durable-data preservation","implemented_pass","partial","candidate_native","embeddable_production_dependency","local_demonstration","p2panda_plus_policy","Graceful and abrupt-exit replay passed for bounded operations; TTL, eviction, torn-write, and storage-pressure cases not run."
"DM-5.2-05","Offline interval curve","not_tested","unknown","unknown","embeddable_production_dependency","not_tested","unowned","No elapsed-disconnection or retained-divergence sweep; bracketed duration is not an elimination gate."
"DM-5.2-06","At-least-once delivery","not_tested","unknown","candidate_native","embeddable_production_dependency","local_demonstration","unowned","Delivery occurred in bounded runs but no fault/retry corpus established the at-least-once guarantee."
"DM-5.2-07","Delivery deduplication","implemented_pass","partial","candidate_native","embeddable_production_dependency","local_demonstration","p2panda_store_plus_application","Duplicate operation imports collapsed to one durable row, but application events were repeated."
"DM-5.2-08","Idempotent application","failed","not_met","adapter_configuration","no_usable_implementation","local_demonstration","unowned","BVB-808 emitted three application processing events for three identical imports; harmless effects require integrator deduplication."
"DM-5.2-09","Causality tracking","missing_unlinked","not_met","bespoke_semantics","no_usable_implementation","source","unowned","Generic Node operations always use Basic; Causal is explicitly incomplete/unintegrated."
"DM-5.2-10","Clock-independent correctness","not_tested","unknown","unknown","no_usable_implementation","source","unowned","Linear log ordering uses sequence/backlink, but required State/Record conflict correctness is absent and no no-clock scenario ran."
"DM-5.2-11","Trustworthy-time enhancement","not_tested","unknown","candidate_native","embeddable_production_dependency","source","unowned","Basic extensions include a timestamp; enhancement behavior was not tested."
"DM-5.2-12","Graceful no-clock behavior","not_tested","unknown","unknown","no_usable_implementation","not_tested","unowned","No missing/incorrect-clock corpus."
"DM-5.2-13","Advisory timestamps","not_tested","unknown","unknown","embeddable_production_dependency","source","unowned","Timestamp exists, but class conflict semantics needed to prove advisory-only use are absent."
"DM-5.2-14","No timestamp conflict arbitration","not_tested","unknown","unknown","no_usable_implementation","source","unowned","No State/Record conflict arbiter exists to test."
"DM-5.2-15","Tombstone propagation","missing_unlinked","not_met","bespoke_semantics","no_usable_implementation","source","unowned","Per-author prefix prune is not item tombstone propagation."
"DM-5.2-16","Bounded tombstone retention","missing_unlinked","not_met","bespoke_semantics","no_usable_implementation","source","unowned","No tombstone-retention owner or bound."
"DM-5.2-17","Configurable tombstone retention","missing_unlinked","not_met","bespoke_semantics","no_usable_implementation","source","unowned","No configurable tombstone-retention surface."
"DM-5.2-18","Difference-proportional sync","implemented_pass","partial","candidate_native","embeddable_production_dependency","local_demonstration","p2panda","Exact range selection held delta seven while total log height varied; bytes, CPU, round trips, and multi-log cardinality were not measured."
"DM-5.2-19","Resumable partial sync","not_tested","unknown","candidate_native","embeddable_production_dependency","source","unowned","No contact was interrupted."
"DM-5.2-20","Durable sync progress","not_tested","unknown","candidate_native","embeddable_production_dependency","source","unowned","LogSync session state is live-memory; durable ingested frontier is plausible but was not exercised as a progress checkpoint."
"DM-5.2-21","Later-contact continuation","not_tested","unknown","candidate_native","embeddable_production_dependency","not_tested","unowned","No interrupted transfer resumed at a later contact."
"DM-5.2-22","Any-peer continuation","not_tested","unknown","candidate_native","embeddable_production_dependency","not_tested","unowned","No changed-peer continuation scenario."
"DM-5.3-01","State causal resolution","missing_unlinked","not_met","bespoke_semantics","no_usable_implementation","source","unowned","No State causal-latest resolver."
"DM-5.3-02","State concurrent tie-break","missing_unlinked","not_met","bespoke_semantics","no_usable_implementation","source","unowned","No deterministic State tie-break."
"DM-5.3-03","Event conflict freedom","implemented_pass","met_bounded","candidate_native","embeddable_production_dependency","local_demonstration","p2panda","Immutable per-author operations converged as a set in bounded runs."
"DM-5.3-04","Blob conflict freedom","missing_unlinked","not_met","unknown","no_usable_implementation","source","unowned","No Blob implementation."
"DM-5.3-05","Registered Record merge","missing_unlinked","not_met","bespoke_semantics","no_usable_implementation","source","unowned","No Record merge registry or policy integration."
"DM-5.3-06","Record sibling preservation","failed","not_met","bespoke_semantics","no_usable_implementation","local_demonstration","unowned","Two Event-like values survived BVB-808, but no Record identity/conflict state existed."
"DM-5.3-07","Record conflict annotation","missing_unlinked","not_met","bespoke_semantics","no_usable_implementation","local_demonstration","unowned","BVB-808 exposed no annotation."
"DM-5.3-08","Conflict API","missing_unlinked","not_met","bespoke_semantics","no_usable_implementation","source","unowned","No high-level query or conflict-annotation API on Node."
"DM-5.3-09","No silent conflict discard","failed","not_met","bespoke_semantics","no_usable_implementation","local_demonstration","unowned","Event-like siblings survived, but requirement-level Record conflict handling is absent."
"DM-5.3-10","Superseded-version recovery","missing_unlinked","not_met","bespoke_semantics","no_usable_implementation","source","unowned","Prefix pruning exposes no explicit Record-version GC/recovery policy."
"DM-5.3-11","Application merge registration","missing_unlinked","not_met_optional","bespoke_semantics","no_usable_implementation","source","unowned","No topic/class merge registration surface."
"DM-5.3-12","Merge determinism","not_tested","unknown","bespoke_semantics","no_usable_implementation","not_tested","unowned","No merge function exists to test."
"DM-5.5-01","Topics and scopes","missing_unlinked","not_met","bespoke_semantics","no_usable_implementation","source","unowned","Topic streams exist; orthogonal administrative scopes do not exist on high-level Node."
"DM-5.5-02","Subscribed-topic replication","implemented_pass","partial","candidate_native","embeddable_production_dependency","local_demonstration","p2panda","Exact topic streams synchronized; multi-topic selective-replication corpus not run."
"DM-5.5-03","Joined-scope replication","missing_unlinked","not_met","bespoke_semantics","no_usable_implementation","source","unowned","No high-level joined-scope boundary."
"DM-5.5-05","Non-consuming relay","implemented_pass","partial_optional","candidate_native","embeddable_production_dependency","local_demonstration","p2panda_plus_security_profile","A full replica temporally carried an operation; dedicated relay role and general read restriction are not candidate-owned."
"DM-6-04","Source encryption","missing_unlinked","not_met","adapter_configuration","no_usable_implementation","local_demonstration","external_security_profile","Raw p2panda temporal carry exposed plaintext; BVB-808 protection belonged to an external fixture."
"DM-6-05","Source authentication","implemented_pass","partial","candidate_native","embeddable_production_dependency","local_demonstration","p2panda_plus_security_profile","Operation signature/verified author primitive passed; mission identity and required hybrid signature profile remain unowned."
"DM-6-06","Consumption verification","implemented_pass","partial","candidate_native","embeddable_production_dependency","local_demonstration","p2panda_plus_external_security_profile","Operation signature verification is native; protected-object decryption/authentication in BVB-808 belonged to the external fixture."
"DM-6-07","Payload-blind relay","failed","not_met","adapter_configuration","no_usable_implementation","local_demonstration","external_security_profile","Raw p2panda BVB-703 relay stored plaintext; external protected bytes in BVB-808 grant carry-only credit."
"DM-6-09","Protected forwarding metadata","failed","not_met","adapter_configuration","no_usable_implementation","documented_behavior","external_security_profile","No high-level metadata protection integration; encryption README states current group control messages are unencrypted."
"DM-6-10","Authenticated-node metadata access","missing_unlinked","not_met","adapter_configuration","no_usable_implementation","source","external_security_profile","Auth/Spaces package presence is not Node admission or metadata-access integration."
"DM-6-11","Outsider metadata opacity","missing_unlinked","not_met","adapter_configuration","no_usable_implementation","documented_behavior","external_security_profile","No integrated protected metadata layer."
"DM-6-18","Scope-key read authorization","missing_unlinked","not_met","adapter_configuration","no_usable_implementation","source","external_security_profile","No high-level scope/key authorization path."
"DM-6-19","No universal node read access","missing_unlinked","not_met","adapter_configuration","no_usable_implementation","local_demonstration","external_security_profile","Raw full replica saw plaintext; protected fixture behavior belongs to external security profile."
"DM-6-20","Intermittent revocation","missing_unlinked","not_met","adapter_configuration","research_implementation","documented_behavior","external_security_profile","Auth documents group removal but Node integration and intermittent executable revocation were not present."
"DM-6-21","In-field scope rekey","missing_unlinked","not_met","adapter_configuration","research_implementation","documented_behavior","external_security_profile","Encryption package was not integrated or executed through Node."
"DM-6-22","Zeroization hook","missing_unlinked","not_met","adapter_configuration","no_usable_implementation","source","external_security_profile","No high-level zeroization hook was found or tested."
"DM-6-23","Freshness and replay rejection","not_tested","unknown","unknown","embeddable_production_dependency","not_tested","unowned","Ack replay and duplicate imports are not a captured-traffic replay attack test."
"DM-6-24","NIST cryptography","missing_unlinked","not_met","adapter_configuration","no_usable_implementation","source","external_security_profile","Concrete core hash/identity and no provider seam prevent assigning the required profile to this composition."
"DM-6-25","Hybrid key establishment","missing_unlinked","not_met","adapter_configuration","no_usable_implementation","documented_behavior","external_security_profile","Encryption README explicitly says the package is not post-quantum secure."
"DM-6-26","Hybrid signatures","missing_unlinked","not_met","adapter_configuration","no_usable_implementation","documented_behavior","external_security_profile","No hybrid signature implementation or provider seam."
"DM-6-27","FIPS validated modules","not_tested","unknown","adapter_configuration","no_usable_implementation","not_tested","external_security_profile","No FIPS module path executed."
"DM-6-28","FIPS-approved algorithms","missing_unlinked","not_met","adapter_configuration","no_usable_implementation","source","external_security_profile","No replaceable algorithm provider or integrated compliant suite was demonstrated."
"DM-6-29","Algorithm agility","missing_unlinked","not_met","bespoke_semantics","no_usable_implementation","source","external_security_profile","No versioned crypto-provider/suite negotiation surface."
"DM-6-30","Downgrade protection","missing_unlinked","not_met","bespoke_semantics","no_usable_implementation","source","external_security_profile","No integrated algorithm negotiation to protect."
"DM-7-11","High-level public API","missing_unlinked","partial","adapter_configuration","embeddable_production_dependency","source","p2panda_plus_profile","Publish/subscribe and system events exist; query and conflict annotations are absent and peer/sync status is only partial."
"DM-7-16","Offline publish success","implemented_pass","met_bounded","candidate_native","embeddable_production_dependency","local_demonstration","p2panda","BVB-700 published locally with no peer; new abrupt-exit run durably processed one operation."
"DM-7-17","Later synchronization","implemented_pass","met_bounded","candidate_native","embeddable_production_dependency","local_demonstration","p2panda","Separate-process restart and later direct/temporal synchronization passed in bounded topologies."
"DM-12-04","Disconnected Record acceptance scenario","failed","not_met","bespoke_semantics","no_usable_implementation","local_demonstration","unowned","BVB-808 preserved two Event-like values but supplied neither Record merge nor annotated conflict."
"DM-12-05","Protected temporal relay acceptance scenario","implemented_pass","partial","adapter_configuration","research_implementation","local_demonstration","external_security_profile_plus_p2panda_carry","BVB-808 exact protected fixture passed A-B/restart/B-C; p2panda owns opaque carry only, not protection."
