requirement_id,capability,gate_disposition,requirement_credit,evidence,residual
DM-2-03,Bindings and SDK scope,pass,partial,"C ABI smoke; Swift typecheck; Python and Ruby syntax","No usable target SDK or implemented mesh API"
DM-2-04,Binding-production pattern,pass,partial,"Frozen cbindgen and UniFFI artifacts replayed","Template documentation and drift gate remain product work"
DM-2-05,MVP IP and BTLE adapters,environment-blocked,none,"CoreBluetooth host reported unsupported; IP not in this arm","Physical BTLE and cross-transport adapter scenario remain"
DM-2-07,Conformance suite scope,fail,partial,"Rust replay 18/18 but independent parser only 13/18","Specification must define every critical extension before suite admission"
DM-3-02,Extended disconnection,pass,decision-data,"Offline axes 1 7 14 30 60 and 90 days","Arithmetic lifecycle curve is not elapsed resynchronization"
DM-3-03,Offline tolerance target,pass,decision-data,"30 days included among six offline points","Stakeholder validation and real rejoin remain"
DM-3-04,Very low bandwidth,pass,decision-data,"Serialization projections at 1 3 10 30 and 100 kbps","No physical link scheduling energy or contact deadline"
DM-3-05,Link-rate target,pass,decision-data,"3 kbps included; 75 projection cells","Bracket remains provisional"
DM-3-06,High-loss operation,pass,decision-data,"Independent and burst-loss models through 70 percent","Modeled loss receives no RF acceptance credit"
DM-3-09,Broadcast media,pass,partial,"Three strategies and 2 8 32 receiver axes; 115/117 complete","No physical broadcast carrier"
DM-5.1-23,Item-size range,pass,decision-data,"Formula curve from 16 bytes through 100 MiB; imported Blob curve through 256 MiB","Not a whole-stack efficiency measurement"
DM-5.1-25,Blob-size floor,pass,decision-data,"100 MiB frame arithmetic and registered 256 MiB Blob curve","Bracket remains provisional"
DM-5.2-03,Offline resynchronization,untested,none,"Only retention TTL and generation arithmetic","No replica was offline or resynchronized"
DM-5.2-05,Resynchronization interval,pass,decision-data,"30-day retention and TTL cells present","No 30-day elapsed test"
DM-5.2-07,Delivery deduplication,pass,partial,"Duplicate carrier frames were idempotent in all 54 composition rows","End-to-end item delivery remains"
DM-5.2-08,Idempotent application,pass,partial,"Reverse and duplicate evaluation frames reconstructed exact fixture bytes","Application semantics remain untested"
DM-5.4-01,Fixed priority set,pass,decision-data,"Curves at 3 4 5 and 7 levels","No count selected"
DM-5.4-02,Priority-level count,pass,decision-data,"Four levels is one of four curve points","Stakeholder and doctrine validation remain"
DM-5.4-09,Priority transmission order,pass,partial,"Imported registered policy curve and logical Phase-5 controls","No selected scheduler or physical carrier"
DM-5.4-10,Priority retransmission,pass,partial,"Strategy/loss curves count retry traffic","No priority-sensitive product retransmission runtime"
DM-5.4-11,Priority eviction,pass,partial,"16 quota cells stay bounded and evict lowest priority first","Logical-content policy does not bound all physical bytes"
DM-5.4-12,TTL-priority independence,pass,decision-data,"Independent TTL and priority axes","No integrated product lifecycle"
DM-5.4-13,Expired transmission prohibition,pass,partial,"Imported registered policy curve only","No selected carrier stack"
DM-5.5-07,Relay storage quota,pass,partial,"8 KiB through 1 MiB logical quotas","Relay role and physical accounting remain"
DM-5.5-08,Relay bandwidth quota,pass,decision-data,"All data feedback and done bytes counted in broadcast sweep","No configurable bandwidth limiter"
DM-5.6-04,One-to-many broadcast,pass,partial,"At 4 KiB 0 percent loss eight-peer unicast used 38200 B versus 4803 B broadcast","Deterministic model only; physical policy remains"
DM-5.6-05,Duplicate suppression,pass,partial,"Duplicate frame replay was idempotent across all architecture fixtures","Network-wide duplicate retention remains"
DM-5.6-06,Loop suppression,untested,none,"No cyclic topology was executed","Loop state and bound remain"
DM-5.7-01,Automatic discovery,environment-blocked,none,"Swift and Objective-C callbacks reported CoreBluetooth unsupported","Controller and second radio required"
DM-5.7-03,Discovery emission policy,untested,none,"No advertising was possible","Silent and constrained discovery behavior remains"
DM-5.8-01,Pluggable transport abstraction,pass,partial,"Same carrier control accepted A G and B1 opaque fixtures","Evaluation envelope is not a selected abstraction"
DM-5.8-02,Protocol-independent transport addition,pass,partial,"Architecture fixture bytes remained opaque to framing","No product adapter addition was built"
DM-5.8-03,Fragmentation and reassembly,pass,partial,"54/54 exact reassemblies in two layouts","No security overhead hostile frame parser or real carrier"
DM-5.8-04,MTU operating range,pass,partial,"20 23 27 40 64 128 247 512 and 1500-byte MTUs","Physical BTLE lower-layer payload limits remain"
DM-5.8-05,Small-MTU practicality,pass,decision-data,"At MTU20 fixture header share was 45.5 to 46.2 percent compact and 65 percent wide","No accepted practicality criterion"
DM-5.8-11,BTLE transport,environment-blocked,none,"Two compiled native adapters report controller unsupported","No physical adapter exchange"
DM-5.8-15,Offline-serializable exchange,pass,partial,"All fixtures round-tripped file records at configured record sizes","Complete sync transcript is unspecified"
DM-5.8-16,Link bandwidth characteristic,untested,none,"Bandwidth was an evaluator input only","Adapter did not expose live characteristic"
DM-5.8-17,Link cost characteristic,untested,none,"No live adapter characteristic","Cost surface remains"
DM-5.8-18,Link emission characteristic,untested,none,"No live adapter characteristic","Emission surface remains"
DM-7-01,Embeddable library,pass,partial,"17008-byte zero-dependency cdylib built","Fixture is not framework implementation"
DM-7-02,C-compatible FFI,pass,partial,"Strict C17 smoke linked and exercised version context and error statuses","ABI stability ownership cancellation callbacks and panic containment remain"
DM-7-03,Binding pattern,pass,partial,"cbindgen and UniFFI artifacts consumed","Repeatable product template remains"
DM-7-04,Binding template,pass,partial,"Frozen generated outputs typechecked where host toolchains existed","No shipped template package"
DM-7-05,First-class bindings,pass,partial,"Swift Python and Ruby static gates passed","No mobile build runtime behavior or two selected supported bindings"
DM-7-06,MVP binding count,pass,decision-data,"Three host-static gates passed; Kotlin unavailable","Count and languages remain stakeholder decisions"
DM-7-07,MVP binding language selection,untested,none,"Kotlin plus Swift remains a prior hypothesis","Open governance decision"
DM-7-09,Local agent,environment-blocked,none,"Both temp and workspace AF_UNIX bind returned EPERM","No agent runtime result"
DM-7-10,Local IPC API,environment-blocked,none,"Executor denied Unix-socket endpoint creation","tonic gRPC caller authorization restart and limits remain"
DM-7-11,High-level public API,pass,partial,"C fixture exposes high-level statuses and generated wrappers","Subscribe query conflicts sync and peer behavior are stubs or absent"
DM-7-12,Hide crypto internals,pass,partial,"No crypto primitive appears in fixture interface","Real public API review remains"
DM-7-13,Hide fragmentation internals,pass,partial,"No fragmentation primitive appears in fixture interface","Real public API review remains"
DM-7-14,Hide transport selection,pass,partial,"No transport selector appears in fixture interface","Real public API review remains"
DM-7-15,Hide synchronization internals,pass,partial,"No sync-internal primitive appears in fixture interface","Real public API review remains"
DM-8-05,OSI dependency licenses,fail,none,"cargo-deny reports fixture unlicensed","Declare product license and inventory every shipped dependency"
DM-8-06,No strong copyleft,pass,partial,"Zero external dependencies in fixture; bans gate passes","Selected full graph remains"
DM-8-07,No proprietary dependencies,pass,partial,"Zero external dependencies in fixture; sources gate passes","Selected full graph remains"
DM-8-12,Dependency SBOM,pass,partial,"CycloneDX 1.5 JSON generated and parsed","Fixture-only SBOM; full product graph remains"
DM-8-13,License inventory,fail,none,"SBOM has no license and cargo-deny license check fails","Package manifest and SBOM must carry exact license expressions"
DM-8-14,FOSS preference,pass,partial,"Registered generators and assurance tools replace handwritten equivalents","Platform adapter and protocol residue remain custom"
DM-8-16,Build-versus-buy evaluation,pass,partial,"Consolidated report records buy build and delete boundaries","Must be updated for selected product graph"
DM-8-17,Protocol authority,fail,none,"Independent parser rejects hidden critical extension ID1 absent from frozen profile authority","Specify registry and semantics or delete hidden extension"
DM-8-18,Independent interoperability,fail,none,"Only 13 of 18 vector outcomes agree","Two complete independent implementations still required"
DM-8-19,Reference is not definition,fail,none,"Positive vectors encode implementation-known behavior absent from prose and CDDL","Reference and vectors must be regenerated from normative spec"
DM-9-08,Tier-2 binary-size target,pass,decision-data,"FFI dylib 17008 B; adapter binaries 148592 and 59680 B","Not whole framework or packaged mobile footprint"
DM-9-09,Tier-2 RAM ceiling,pass,decision-data,"Sweep process max RSS 28508160 B; parser process about 28.4 MB","Python control is not selected framework"
DM-9-12,Metadata working-set target,untested,none,"No 10000-item selected stack","Whole-stack measurement remains"
DM-9-16,No busy polling,environment-blocked,none,"Local-agent server could not bind; BLE run loop was deadline-driven","Selected runtime idle behavior remains"
DM-9-18,Near-zero idle cost,environment-blocked,none,"No local agent or usable Bluetooth controller","Idle CPU energy and wakeups remain"
DM-9-19,Low-rate operating point,pass,decision-data,"75 projections include 3 kbps","Serialization only; excludes RTT scheduling and energy"
DM-9-20,Loss operating point,pass,decision-data,"50 percent appears in independent and burst curves","Modeled loss only"
DM-9-21,Nodes-per-scope target,untested,none,"Largest receiver slice is 32 not 100","Distributed multi-link scale remains"
DM-9-24,Bounded local storage,pass,partial,"All 16 logical quota cells stayed within configured bounds","Metadata temporary orphan and filesystem reserve accounting remain"
DM-10-01,Protocol versioning,pass,partial,"Profile version 0 parsed and rejected unsupported version","No normative product negotiation"
DM-10-02,Highest-common-version interoperability,pass,decision-data,"Nine independent highest-common-version oracle cases pass","No negotiation wire downgrade binding or second implementation support"
DM-10-03,Ignorable extension handling,fail,partial,"Reference accepts unknown noncritical 99 but independent parser cannot reach it because hidden critical ID1 appears first","Normative extension registry and independent retest required"
DM-12-01,Cross-transport synchronization,environment-blocked,none,"CoreBluetooth unavailable and IP not paired in this arm","Physical BTLE then IP acceptance scenario remains"
DM-12-06,Constrained-link priority and expiry,pass,partial,"Imported policy curve plus Phase-5 rate quota axes","No integrated product acceptance scenario"
DM-12-11,Independent conformance,fail,none,"Independent outcome agreement is 13/18","Must reach complete independent implementation interoperation"
DM-13-03,C FFI deliverable,pass,partial,"C header fixture cdylib and strict C smoke pass","No shipped framework FFI"
DM-13-05,BTLE adapter deliverable,environment-blocked,none,"Native source compiles but host controller is unsupported","No deliverable adapter or physical acceptance"
DM-13-06,Language bindings deliverable,pass,partial,"Swift Python and Ruby static gates pass; Kotlin missing","No selected supported release bindings"
DM-13-07,Binding pattern deliverable,pass,partial,"Generator outputs are reproducible and consumable","Documentation/template packaging remains"
DM-13-08,Conformance-suite deliverable,fail,partial,"Hostile and Rust controls pass but independent vectors diverge","Specification gap blocks release suite"
DM-13-11,SBOM and decision record deliverable,fail,partial,"Decision record present; SBOM structure present; license inventory absent","Declare licenses and regenerate complete product SBOM"
