surface,willow_buy,requirements_result,residual_or_mismatch
"Generic data model","Namespace; subspace; hierarchical path; timestamp; payload length and digest; authorised entry","partial: DM-5.1-14/22 and a substrate for DM-5.1-17 through DM-5.1-21","No native mission data-class, topic, scope, priority, or TTL fields; the profile must authenticate their mapping"
"State","One value can overwrite another at a path","not_met natively: DM-5.1-02; DM-5.2-09/10/14; DM-5.3-01","Native recency is timestamp then payload digest then length, not causal order; use unique version paths plus an external causal State profile or do not use Willow as the State arbiter"
"Event","Authorised immutable entries can be placed under publisher-specific paths","partial design mapping: DM-5.1-04/05","Per-publisher sequencing, gap detection, and immutable path discipline are profile/application responsibilities"
"Record","Multiple versions can be preserved only if encoded at distinct paths","not_met natively: DM-5.1-09; DM-5.3-05 through DM-5.3-10","Same-path values are pruned by timestamp recency; no causal concurrency, sibling annotation, merge registry, or conflict API"
"Blob","Payload digest and length; payload-prefix store; verified slice primitives; Drop payload slices","partial: DM-5.1-10 through DM-5.1-15; DM-9-13/14","Content identity and streaming primitives are credible; current Drop import rejects incomplete partial slices and any-peer durable resume was not demonstrated"
"Convergence","Confidential Sync specifies private interest overlap, three-dimensional range reconciliation, partial sync, resource handles, and verified payload streaming","specification-only partial: DM-5.2-01/02/18/19","No executable Confidential Sync module exists in willow25 0.7.5; no independent interoperability or operating-envelope result"
"Offline media","Drop is a serializable authorised-entry and payload-slice container; current persistent stores export/import it","met, bounded: DM-5.8-15; partial DM-5.2-03/04 and DM-5.8-14","File-mediated transfer is not an autonomous temporal relay, live mesh, or entire interactive sync transcript"
"Access control","Meadowcap read/write capabilities can be delegated and restricted to namespace areas","partial security/scoping substrate","Not mesh membership, revocation propagation, field rekey, zeroization, payload encryption, or forwarding-metadata protection"
"Scope and subscription","Namespaces, subspaces, paths, Areas and AreasOfInterest with count/size hints","partial substrate: DM-5.5-01 through DM-5.5-04","Mission topic/scope orthogonality, relay quotas, bridges, priority filters, and emission policy need a normative profile and implementation"
"Deletion and retention","Newer prefix entries destructively prune older entries; forgotten entries can return on later join","not_met: DM-5.2-15/16/17 and DM-5.3-10","No requirement-shaped tombstone propagation/retention policy or superseded-version recovery; wall-clock recency is disallowed for conflict arbitration"
"Transport","Confidential Sync is specified over reliable ordered byte channels; WTP specifies request/response slices; Drop covers offline media","specification-only partial: DM-5.8-01/02/15","No implemented live sync, IP/NAT, BTLE, tiny-MTU framing, discovery, broadcast, relay, or transport mobility"
"Security profile","Willow25 uses Ed25519 authorisation and WILLIAM3 payload digests","not_met for DM-6 baseline","No source payload encryption, membership metadata layer, NIST hybrid classical+PQ profile, FIPS module, replay lifecycle, downgrade profile, or zeroization"
"Embeddability and conformance","Rust library with canonical encodings and extensive tests","partial component evidence","No C ABI, binding template, agent/IPC, high-level mission API, version negotiation, second independent implementation, or final conformance suite"
