# aster-event-pages-vectors/v1	semantic=7	oracle=self
ACCEPT	offer-current	0105000501000100040100010003010001000201000100010200020001
ACCEPT	offer-legacy	010500050100010004010001000301000100020100010001010001
ACCEPT	intersection-current	05000501000100040100010003010001000201000100010200020001
ACCEPT	profile-digest-current	e3bc955878391c3540a87c7a0cd022e3ea756a062b00e278fcd5478ec5cc1c64
ACCEPT	intersection-fallback	0500050100010004010001000301000100020100010001010001
ACCEPT	profile-digest-fallback	dfbbe2e071ea40cc3f09743a036a0314b41d07745d43aa585ea03d0945d2a850
ACCEPT	plan-page-active	010102e3bc955878391c3540a87c7a0cd022e3ea756a062b00e278fcd5478ec5cc1c6400000002eb3c868948c1bafba032f272624dd6671d1a88d312851accc69b34074340f8a10000000200000000
ACCEPT	plan-legacy-exact	010202e3bc955878391c3540a87c7a0cd022e3ea756a062b00e278fcd5478ec5cc1c640100000002eb3c868948c1bafba032f272624dd6671d1a88d312851accc69b34074340f8a1
ACCEPT	plan-page-blind	010501e3bc955878391c3540a87c7a0cd022e3ea756a062b00e278fcd5478ec5cc1c640000000200000003
ACCEPT	plan-legacy-blind	010201e3bc955878391c3540a87c7a0cd022e3ea756a062b00e278fcd5478ec5cc1c6402
ACCEPT	plan-empty-event-pages	010302e3bc955878391c3540a87c7a0cd022e3ea756a062b00e278fcd5478ec5cc1c640002d256563f3dbe9430d18a3e4efe44365c71a7471780277074621187c931fe714d
ACCEPT	plan-suppressed	010401e3bc955878391c3540a87c7a0cd022e3ea756a062b00e278fcd5478ec5cc1c64
ACCEPT	fallback-plan-legacy-exact	010202dfbbe2e071ea40cc3f09743a036a0314b41d07745d43aa585ea03d0945d2a8500100000002eb3c868948c1bafba032f272624dd6671d1a88d312851accc69b34074340f8a1
ACCEPT	change-turn-header	010001000202e3bc955878391c3540a87c7a0cd022e3ea756a062b00e278fcd5478ec5cc1c64eb3c868948c1bafba032f272624dd6671d1a88d312851accc69b34074340f8a10000000211111111111111111111111111111111111111111111111111111111111111112222222222222222222222222222222222222222222222222222222222222222becb5f92e69f1a1b3f12c50968ed108f9172f6b31b6623fa65d1da5c1a82f4f2
ACCEPT	change-page-single	010001000202e3bc955878391c3540a87c7a0cd022e3ea756a062b00e278fcd5478ec5cc1c64becb5f92e69f1a1b3f12c50968ed108f9172f6b31b6623fa65d1da5c1a82f4f200000000000111111111111111111111111111111111111111111111111111111111111111110000000003aabbcc00000001
ACCEPT	change-page-multi	010001000202e3bc955878391c3540a87c7a0cd022e3ea756a062b00e278fcd5478ec5cc1c64becb5f92e69f1a1b3f12c50968ed108f9172f6b31b6623fa65d1da5c1a82f4f200000000000211111111111111111111111111111111111111111111111111111111111111110000000001aa22222222222222222222222222222222222222222222222222222222222222220000000002bbcc00000000
ACCEPT	change-page-finite-evidence	010001000202e3bc955878391c3540a87c7a0cd022e3ea756a062b00e278fcd5478ec5cc1c64becb5f92e69f1a1b3f12c50968ed108f9172f6b31b6623fa65d1da5c1a82f4f20000000100012222222222222222222222222222222222222222222222222222222222222222010000000000000007000344556600000002ddee00000000
ACCEPT	change-turn-finished	010001000202e3bc955878391c3540a87c7a0cd022e3ea756a062b00e278fcd5478ec5cc1c64eb3c868948c1bafba032f272624dd6671d1a88d312851accc69b34074340f8a1becb5f92e69f1a1b3f12c50968ed108f9172f6b31b6623fa65d1da5c1a82f4f20000000200000000
REJECT	offer-truncated	01050005010001000401000100030100010002010001000102000200
REJECT	offer-critical-profile	0105000501000100040100010003010001000201000100010280020001
REJECT	plan-inconsistent-counts	010102e3bc955878391c3540a87c7a0cd022e3ea756a062b00e278fcd5478ec5cc1c6400000002eb3c868948c1bafba032f272624dd6671d1a88d312851accc69b34074340f8a10000000200000001
REJECT	header-bad-schedule-digest	010001000202e3bc955878391c3540a87c7a0cd022e3ea756a062b00e278fcd5478ec5cc1c64eb3c868948c1bafba032f272624dd6671d1a88d312851accc69b34074340f8a10000000211111111111111111111111111111111111111111111111111111111111111112222222222222222222222222222222222222222222222222222222222222222becb5f92e69f1a1b3f12c50968ed108f9172f6b31b6623fa65d1da5c1a82f4f3
REJECT	page-zero-entries	010001000202e3bc955878391c3540a87c7a0cd022e3ea756a062b00e278fcd5478ec5cc1c64becb5f92e69f1a1b3f12c50968ed108f9172f6b31b6623fa65d1da5c1a82f4f200000000000011111111111111111111111111111111111111111111111111111111111111110000000003aabbcc00000001
REJECT	terminal-nonzero-remaining	010001000202e3bc955878391c3540a87c7a0cd022e3ea756a062b00e278fcd5478ec5cc1c64eb3c868948c1bafba032f272624dd6671d1a88d312851accc69b34074340f8a1becb5f92e69f1a1b3f12c50968ed108f9172f6b31b6623fa65d1da5c1a82f4f20000000200000001
