# aster-conformance-vectors/v1	protocol=1	oracle=self
ACCEPT	interest	a700010101020703816161048161730502060a
ACCEPT	summary	a6000101020201035820111111111111111111111111111111111111111111111111111111111111111104020509
ACCEPT	probe	a60001010302010341a004010509
ACCEPT	node	a900010104020103400400055820222222222222222222222222222222222222222222222222222222222222222206020781a30001015820111111111111111111111111111111111111111111111111111111111111111102020809
ACCEPT	offer	a50001010502010382582101111111111111111111111111111111111111111111111111111111111111111158210222222222222222222222222222222222222222222222222222222222222222220409
ACCEPT	want	a40001010602010382a40058210111111111111111111111111111111111111111111111111111111111111111110118640281820a186403f5a400582102222222222222222222222222222222222222222222222222222222222222222201184002818200184003f4
ACCEPT	data-source	a80001010702010358210111111111111111111111111111111111111111111111111111111111111111110403050106420203074109
ACCEPT	data-blob	a800010107020103582102222222222222222222222222222222222222222222222222222222222222222204020500064204050740
ACCEPT	receipt	a70001010802010358210111111111111111111111111111111111111111111111111111111111111111110403058182000306f5
ACCEPT	optional-extension-bounded-nested	a70001010202010358201111111111111111111111111111111111111111111111111111111111111111040005091840a2184020184183f5f6a1184042aa55
REJECT	non-minimal-integer	1817
REJECT	indefinite-array	9fff
REJECT	duplicate-map-key	a200010002
REJECT	unsorted-map	a201010002
REJECT	unknown-object-kind	a5000101050201038158217f44444444444444444444444444444444444444444444444444444444444444440409
REJECT	truncated-object-id	a50001010502010381582001555555555555555555555555555555555555555555555555555555555555550409
REJECT	unknown-critical-key	a7000101020201035820111111111111111111111111111111111111111111111111111111111111111104000509183ff6
REJECT	prefix-nibbles-too-large	a6000101030201035822000000000000000000000000000000000000000000000000000000000000000000000418430509
REJECT	prefix-length-mismatch	a6000101030201034004020509
REJECT	prefix-padding-nonzero	a60001010302010341af04010509
REJECT	want-ranges-unsorted	a40001010602010381a4005821011111111111111111111111111111111111111111111111111111111111111111010a028282050a82000403f5
REJECT	want-ranges-overlap	a40001010602010381a4005821011111111111111111111111111111111111111111111111111111111111111111010a028282000682050a03f5
REJECT	want-ranges-adjacent-uncoalesced	a40001010602010381a4005821011111111111111111111111111111111111111111111111111111111111111111010a028282000582050a03f5
REJECT	blob-data-forwarding-wrapper	a800010107020103582102222222222222222222222222222222222222222222222222222222222222222204010500064101074109
REJECT	blob-want-forwarding-wrapper	a40001010602010381a400582102222222222222222222222222222222222222222222222222222222222222222201f6028003f5
REJECT	want-no-work	a40001010602010381a4005821011111111111111111111111111111111111111111111111111111111111111111010a028003f4
REJECT	receipt-partial-marked-complete	a7000101080201035821011111111111111111111111111111111111111111111111111111111111111111040a058182000506f5
REJECT	receipt-full-marked-incomplete	a7000101080201035821011111111111111111111111111111111111111111111111111111111111111111040a058182000a06f4
REJECT	data-empty-payload-and-forwarding	a80001010702010358210111111111111111111111111111111111111111111111111111111111111111110400050006400740
REJECT	node-child-count-mismatch	a900010104020103400400055820222222222222222222222222222222222222222222222222222222222222222206020781a30001015820111111111111111111111111111111111111111111111111111111111111111102010809
REJECT	interest-max-offers-u32-overflow	a7000101010201038004800500061b0000000100000000
